{"stats":{"minecraft:dropped":{"minecraft:mangrove_roots":2},"minecraft:used":{"minecraft:stone_pickaxe":104,"minecraft:wooden_pickaxe":13,"minecraft:sand":4,"minecraft:cobblestone":12,"minecraft:crafting_table":1},"minecraft:crafted":{"minecraft:oak_planks":16,"minecraft:crafting_table":1,"minecraft:stick":4,"minecraft:wooden_pickaxe":1,"minecraft:stone_pickaxe":1},"minecraft:picked_up":{"minecraft:andesite":2,"minecraft:wooden_pickaxe":1,"minecraft:sand":7,"minecraft:oak_log":4,"alexsmobs:animal_dictionary":2,"minecraft:stone_pickaxe":1,"minecraft:mangrove_roots":2,"minecraft:sugar_cane":108,"minecraft:oak_planks":7,"minecraft:coal":28,"minecraft:cobblestone":187},"minecraft:killed_by":{"minecraft:skeleton":1},"minecraft:mined":{"minecraft:andesite":1,"minecraft:mangrove_roots":1,"minecraft:grass":1,"minecraft:oak_log":4,"minecraft:coal_ore":14,"minecraft:flowering_azalea_leaves":1,"minecraft:sand":8,"minecraft:stone":102,"minecraft:sugar_cane":25},"minecraft:custom":{"minecraft:time_since_rest":2053,"minecraft:sprint_one_cm":42935,"minecraft:damage_taken":515,"minecraft:walk_one_cm":12670,"minecraft:drop":2,"minecraft:interact_with_crafting_table":2,"minecraft:fly_one_cm":71707,"minecraft:crouch_one_cm":12928,"minecraft:play_time":14012,"minecraft:deaths":2,"minecraft:sneak_time":2627,"minecraft:jump":280,"minecraft:leave_game":2,"minecraft:walk_on_water_one_cm":826,"minecraft:time_since_death":2029,"minecraft:total_world_time":14012,"minecraft:fall_one_cm":9508}},"DataVersion":3465}